<!--
     SMT messages for standard SMT agents
     Written: 98/05/30
     Revised: 99/06/27
     -->
     
<APPLICATION TITLE = "SMT standard messages" SCHEMA = "smtexdr.sch" MODULE = "smtmsg" >
  <!--
        Messages for the SMTOPER agent
    -->
  <AGENT        NAME = "smtopen"        TITLE = "Operator agent" >
    <MESSAGE    NAME = "SMT_OPER_LOG"   TYPE = "request" >
      <FIELD    NAME = "agent_name"     TYPE = "string" TITLE = "Name of logging agent" />
      <FIELD    NAME = "thread_name"    TYPE = "string" TITLE = "Name of logging thread" />
      <METHOD   NAME = "SET_LOG"        TITLE = "Specify logging agent" />
    </MESSAGE>
  </AGENT>
  <!--
        Messages for the SMTSOCK agent
    -->
  <AGENT        NAME = "smtsock"        TITLE = "Socket i/o agent" >
    <MESSAGE    NAME = "SMT_SOCK_READ"  TYPE = "request" >
      <FIELD    NAME = "timeout"        TYPE = "dbyte"  TITLE = "Timeout in seconds, zero = none" />
      <FIELD    NAME = "socket"         TYPE = "qbyte"  TITLE = "Socket to read from" />
      <FIELD    NAME = "max_size"       TYPE = "dbyte"  TITLE = "Size of receiving buffer" />
      <FIELD    NAME = "min_size"       TYPE = "dbyte"  TITLE = "Minimum data to read, zero = all" />
      <FIELD    NAME = "tag"            TYPE = "qbyte"  TITLE = "User-defined request tag" />
      <METHOD   NAME = "READ"           TITLE = "Read socket data" />
      <METHOD   NAME = "READR"          TITLE = "Read, repeat for ever" />
    </MESSAGE>
    <MESSAGE    NAME = "SMT_SOCK_WRITE" TYPE = "request" >
      <FIELD    NAME = "timeout"        TYPE = "dbyte"  TITLE = "Timeout in seconds, zero = none" />
      <FIELD    NAME = "socket"         TYPE = "qbyte"  TITLE = "Socket to write to" />
      <FIELD    NAME = "size"           TYPE = "size"   TITLE = "Amount of data to write" />
      <FIELD    NAME = "data"           TYPE = "body"   TITLE = "Block of data to write" />
      <FIELD    NAME = "tag"            TYPE = "qbyte"  TITLE = "User-defined request tag" />
      <METHOD   NAME = "WRITE"          TITLE = "Write socket data" />
    </MESSAGE>
    <MESSAGE    NAME = "SMT_SOCK_READH" TYPE = "request" >
      <FIELD    NAME = "timeout"        TYPE = "dbyte"  TITLE = "Timeout in seconds, zero = none" />
      <FIELD    NAME = "socket"         TYPE = "qbyte"  TITLE = "Socket to read from" />
      <FIELD    NAME = "max_size"       TYPE = "qbyte"  TITLE = "Size of receiving buffer" />
      <FIELD    NAME = "min_size"       TYPE = "qbyte"  TITLE = "Minimum data to read, zero = all" />
      <FIELD    NAME = "tag"            TYPE = "qbyte"  TITLE = "User-defined request tag" />
      <METHOD   NAME = "READH"          TITLE = "Read huge socket data" />
      <METHOD   NAME = "READRH"         TITLE = "Read huge, repeat for ever" />
    </MESSAGE>
    <MESSAGE    NAME = "SMT_SOCK_WRITEH" TYPE = "request" >
      <FIELD    NAME = "timeout"        TYPE = "dbyte"  TITLE = "Timeout in seconds, zero = none" />
      <FIELD    NAME = "socket"         TYPE = "qbyte"  TITLE = "Socket to write to" />
      <FIELD    NAME = "size"           TYPE = "hsize"  TITLE = "Amount of data to write" />
      <FIELD    NAME = "data"           TYPE = "hbody"  TITLE = "Block of data to write" />
      <FIELD    NAME = "tag"            TYPE = "qbyte"  TITLE = "User-defined request tag" />
      <METHOD   NAME = "WRITEH"         TITLE = "Write huge socket data" />
    </MESSAGE>
    <MESSAGE    NAME = "SMT_SOCK_INPUT" TYPE = "request" >
      <FIELD    NAME = "timeout"        TYPE = "dbyte"  TITLE = "Timeout in seconds, zero = none" />
      <FIELD    NAME = "socket"         TYPE = "qbyte"  TITLE = "Socket to wait on" />
      <FIELD    NAME = "tag"            TYPE = "qbyte"  TITLE = "User-defined request tag" />
      <METHOD   NAME = "INPUT"          TITLE = "Wait for input" />
      <METHOD   NAME = "INPUTR"         TITLE = "Wait input, repeat" />
    </MESSAGE>
    <MESSAGE    NAME = "SMT_SOCK_OUTPUT" TYPE = "request" >
      <FIELD    NAME = "timeout"        TYPE = "dbyte"  TITLE = "Timeout in seconds, zero = none" />
      <FIELD    NAME = "socket"         TYPE = "qbyte"  TITLE = "Socket to wait on" />
      <FIELD    NAME = "tag"            TYPE = "qbyte"  TITLE = "User-defined request tag" />
      <METHOD   NAME = "OUTPUT"         TITLE = "Wait for output" />
    </MESSAGE>
    <MESSAGE    NAME = "SMT_SOCK_CONNECT" TYPE = "request" >
      <FIELD    NAME = "timeout"        TYPE = "dbyte"  TITLE = "Timeout in seconds, zero = none" />
      <FIELD    NAME = "type"           TYPE = "string" TITLE = "Type, UDP or TCP" />
      <FIELD    NAME = "host"           TYPE = "string" TITLE = "Host, name or dotted address, or NULL" />
      <FIELD    NAME = "service"        TYPE = "string" TITLE = "Service, as name or port in ASCII, or NULL" />
      <FIELD    NAME = "port"           TYPE = "dbyte"  TITLE = "16-bit host port, or 0" />
      <FIELD    NAME = "address"        TYPE = "qbyte"  TITLE = "32-bit host address, or 0" />
      <FIELD    NAME = "tag"            TYPE = "qbyte"  TITLE = "User-defined request tag" />
      <METHOD   NAME = "CONNECT"        TITLE = "Connect to host" />
    </MESSAGE>
    <MESSAGE    NAME = "SMT_SOCK_FLUSH" TYPE = "request" >
      <FIELD    NAME = "socket"         TYPE = "qbyte"  TITLE = "Socket to flush requests for" />
      <METHOD   NAME = "FLUSH"          TITLE = "Flush requests" />
    </MESSAGE>
    <MESSAGE    NAME = "SMT_SOCK_READ_OK" TYPE = "reply" >
      <FIELD    NAME = "timeout"        TYPE = "dbyte"  TITLE = "Timeout from read request" />
      <FIELD    NAME = "socket"         TYPE = "qbyte"  TITLE = "Socket used for i/o" />
      <FIELD    NAME = "size"           TYPE = "size"   TITLE = "Amount of data read" />
      <FIELD    NAME = "data"           TYPE = "body"   TITLE = "Block of data read" />
      <FIELD    NAME = "tag"            TYPE = "qbyte"  TITLE = "User-defined request tag" />
      <METHOD   NAME = "SOCK_READ_OK"   TITLE = "Read OK reply" />
      <METHOD   NAME = "SOCK_CLOSED"    TITLE = "Closed reply"  />
      <METHOD   NAME = "SOCK_TIMEOUT"   TITLE = "Timeout reply" />
    </MESSAGE>
    <MESSAGE    NAME = "SMT_SOCK_READH_OK" TYPE = "reply">
      <FIELD    NAME = "timeout"        TYPE = "dbyte"  TITLE = "Timeout from read request" />
      <FIELD    NAME = "socket"         TYPE = "qbyte"  TITLE = "Socket used for i/o" />
      <FIELD    NAME = "size"           TYPE = "hsize"  TITLE = "Amount of data read" />
      <FIELD    NAME = "data"           TYPE = "hbody"  TITLE = "Block of data read" />
      <FIELD    NAME = "tag"            TYPE = "qbyte"  TITLE = "User-defined request tag" />
      <METHOD   NAME = "SOCK_READH_OK"  TITLE = "Read OK reply" />
    </MESSAGE>
    <MESSAGE    NAME = "SMT_SOCK_OK"    TYPE = "reply">
      <FIELD    NAME = "socket"         TYPE = "qbyte"  TITLE = "Socket used for i/o, or new socket" />
      <FIELD    NAME = "tag"            TYPE = "qbyte"  TITLE = "User-defined request tag" />
      <METHOD   NAME = "SOCK_WRITE_OK"  TITLE = "Write OK reply" />
      <METHOD   NAME = "SOCK_WRITEH_OK" TITLE = "Write OK reply" />
      <METHOD   NAME = "SOCK_INPUT_OK"  TITLE = "Input OK reply" />
      <METHOD   NAME = "SOCK_OUTPUT_OK" TITLE = "Output OK reply" />
    </MESSAGE>
    <MESSAGE    NAME = "SMT_SOCK_ERROR" TYPE = "reply">
      <FIELD    NAME = "message"        TYPE = "string" TITLE = "Error message" />
      <FIELD    NAME = "socket"         TYPE = "qbyte"  TITLE = "Socket for i/o, or new socket" />
      <FIELD    NAME = "tag"            TYPE = "qbyte"  TITLE = "User-defined request tag" />
      <METHOD   NAME = "SOCK_ERROR"     TITLE = "Error reply" />
    </MESSAGE>
  </AGENT>
  <!--
        Messages for the SMTTIME agent
    -->
  <AGENT        NAME = "smttime"        TITLE = "Timer agent" >
    <MESSAGE    NAME = "SMT_TIME_ALARM" TYPE = "request" >
      <FIELD    NAME = "days"           TYPE = "qbyte"  TITLE = "Time/delay in days" />
      <FIELD    NAME = "csecs"          TYPE = "qbyte"  TITLE = "Time/delay in 1/100th seconds" />
      <FIELD    NAME = "tag_size"       TYPE = "size"   TITLE = "User-defined data size" />
      <FIELD    NAME = "tag_data"       TYPE = "body"   TITLE = "User-defined data block" />
      <METHOD   NAME = "ALARM"  TITLE = "Ask for single alarm" />
    </MESSAGE>
    <MESSAGE    NAME = "SMT_TIME_CLOCK" TYPE = "request" >
      <FIELD    NAME = "days"           TYPE = "qbyte"  TITLE = "Time/delay in days" />
      <FIELD    NAME = "csecs"          TYPE = "qbyte"  TITLE = "Time/delay in 1/100th seconds" />
      <FIELD    NAME = "cycles"         TYPE = "word"   TITLE = "Cycle count; zero = forever" />
      <FIELD    NAME = "tag_size"       TYPE = "size"   TITLE = "User-defined data size" />
      <FIELD    NAME = "tag_data"       TYPE = "body"   TITLE = "User-defined data block" />
      <METHOD   NAME = "CLOCK"          TITLE = "Ask for repeated alarm" />
    </MESSAGE>
    <MESSAGE    NAME = "SMT_TIME_REPLY" TYPE = "reply" >
      <FIELD    NAME = "tag_size"       TYPE = "size"   TITLE = "User-defined data size" />
      <FIELD    NAME = "tag_data"       TYPE = "body"   TITLE = "User-defined data block" />
      <METHOD   NAME = "TIME_REPLY"     TITLE = "Alarm signal" />
    </MESSAGE>
  </AGENT>
  <!--
        Messages for the SMTSLOT agent
    -->
  <AGENT        NAME = "smtslot"        TITLE = "Time slot agent" >
    <MESSAGE    NAME = "SMT_SLOT_SPEC"  TYPE = "request" >
      <FIELD    NAME = "specification"  TYPE = "string" TITLE = "Time slot specification" />
      <METHOD   NAME = "SPECIFY"        TITLE = "Specify a time slot" />
    </MESSAGE>
  </AGENT>
  <!--
        Messages for the SMTTRAN agent
    -->
  <AGENT        NAME = "smttran"        TITLE = "Transfer agent" >
    <MESSAGE    NAME = "SMT_TRAN_PUTB"  TYPE = "request" >
      <FIELD    NAME = "socket"         TYPE = "qbyte"  TITLE = "Socket for output" />
      <FIELD    NAME = "size"           TYPE = "size"   TITLE = "Amount of data to send" />
      <FIELD    NAME = "data"           TYPE = "body"   TITLE = "Block of data to send" />
      <FIELD    NAME = "pipe"           TYPE = "string" TITLE = "Transfer pipe, if any" />
      <METHOD   NAME = "PUT_BLOCK"      TITLE = "Write block to socket" />
    </MESSAGE>
    <MESSAGE    NAME = "SMT_TRAN_GETB"  TYPE = "request" >
      <FIELD    NAME = "socket"         TYPE = "qbyte"  TITLE = "Socket for input" />
      <FIELD    NAME = "pipe"           TYPE = "string" TITLE = "Transfer pipe, if any" />
      <METHOD   NAME = "GET_BLOCK"      TITLE = "Read block from socket" />
    </MESSAGE>
    <MESSAGE    NAME = "SMT_TRAN_PUTH"  TYPE = "request" >
      <FIELD    NAME = "socket"         TYPE = "qbyte"  TITLE = "Socket for output" />
      <FIELD    NAME = "size"           TYPE = "hsize"  TITLE = "Amount of data to send" />
      <FIELD    NAME = "data"           TYPE = "hbody"  TITLE = "Block of data to send" />
      <FIELD    NAME = "pipe"           TYPE = "string" TITLE = "Transfer pipe, if any" />
      <METHOD   NAME = "PUT_HUGE"       TITLE = "Write huge block to socket" />
    </MESSAGE>
    <MESSAGE    NAME = "SMT_TRAN_GETH"  TYPE = "request" >
      <FIELD    NAME = "socket"         TYPE = "qbyte"  TITLE = "Socket for input" />
      <FIELD    NAME = "pipe"           TYPE = "string" TITLE = "Transfer pipe, if any" />
      <METHOD   NAME = "GET_HUGE"       TITLE = "Read huge block from socket" />
    </MESSAGE>
    <MESSAGE    NAME = "SMT_TRAN_PUTF"  TYPE = "request" >
      <FIELD    NAME = "socket"         TYPE = "qbyte"  TITLE = "Socket for output" />
      <FIELD    NAME = "filename"       TYPE = "string" TITLE = "Name of file to send" />
      <FIELD    NAME = "filetype"       TYPE = "dbyte"  TITLE = "0=binary, 1=ASCII" />
      <FIELD    NAME = "start"          TYPE = "qbyte"  TITLE = "Starting offset; 0 = start" />
      <FIELD    NAME = "end"            TYPE = "qbyte"  TITLE = "Ending offset; 0 = end" />
      <FIELD    NAME = "pipe"           TYPE = "string" TITLE = "Transfer pipe, if any" />
      <METHOD   NAME = "PUT_FILE"       TITLE = "Write file to socket" />
    </MESSAGE>
    <MESSAGE    NAME = "SMT_TRAN_GETF"  TYPE = "request" >
      <FIELD    NAME = "socket"         TYPE = "qbyte"  TITLE = "Socket for input" />
      <FIELD    NAME = "filename"       TYPE = "string" TITLE = "Name of file to receive" />
      <FIELD    NAME = "filetype"       TYPE = "dbyte"  TITLE = "0=binary, 1=ASCII" />
      <FIELD    NAME = "start"          TYPE = "qbyte"  TITLE = "Starting offset; 0 = start" />
      <FIELD    NAME = "end"            TYPE = "qbyte"  TITLE = "Ending offset; 0 = end" />
      <FIELD    NAME = "append"         TYPE = "Bool"   TITLE = "1 = append existing" />
      <FIELD    NAME = "maxsize"        TYPE = "qbyte"  TITLE = "Max. size, -1 = no limit" />
      <FIELD    NAME = "pipe"           TYPE = "string" TITLE = "Transfer pipe, if any" />
      <METHOD   NAME = "GET_FILE"       TITLE = "Read file from socket" />
    </MESSAGE>
    <MESSAGE    NAME = "SMT_TRAN_PUTB_OK" TYPE = "reply" >
      <FIELD    NAME = "size"           TYPE = "dbyte"  TITLE = "Amount of transmitted data" />
      <METHOD   NAME = "TRAN_PUTB_OK"   TITLE = "Block written okay" />
    </MESSAGE>
    <MESSAGE    NAME = "SMT_TRAN_GETB_OK" TYPE = "reply" >
      <FIELD    NAME = "size"           TYPE = "size"   TITLE = "Amount of data received" />
      <FIELD    NAME = "data"           TYPE = "body"   TITLE = "Block of data received" />
      <METHOD   NAME = "TRAN_GETB_OK"   TITLE = "Block read okay" />
    </MESSAGE>
    <MESSAGE    NAME = "SMT_TRAN_PUTH_OK" TYPE = "reply" >
      <FIELD    NAME = "size"           TYPE = "qbyte"  TITLE = "Amount of transmitted data" />
      <METHOD   NAME = "TRAN_PUTH_OK"   TITLE = "Block written okay" />
    </MESSAGE>
    <MESSAGE    NAME = "SMT_TRAN_GETH_OK" TYPE = "reply" >
      <FIELD    NAME = "size"           TYPE = "hsize"  TITLE = "Amount of data received" />
      <FIELD    NAME = "data"           TYPE = "hbody"  TITLE = "Block of data received" />
      <METHOD   NAME = "TRAN_GETH_OK"   TITLE = "Block read okay" />
    </MESSAGE>
    <MESSAGE    NAME = "SMT_TRAN_PUTF_OK" TYPE = "reply" >
      <FIELD    NAME = "size"           TYPE = "qbyte"  TITLE = "Amount of transmitted data" />
      <METHOD   NAME = "TRAN_PUTF_OK"   TITLE = "File written okay" />
    </MESSAGE>
    <MESSAGE    NAME = "SMT_TRAN_GETF_OK" TYPE = "reply" >
      <FIELD    NAME = "size"           TYPE = "qbyte"  TITLE = "Amount of transmitted data" />
      <METHOD   NAME = "TRAN_GETF_OK"   TITLE = "File received okay" />
    </MESSAGE>
    <MESSAGE    NAME = "SMT_PIPE_CREATE"  TYPE = "request" >
      <FIELD    NAME = "name"           TYPE = "string" TITLE = "Name of pipe" />
      <FIELD    NAME = "input_rate"     TYPE = "qbyte"  TITLE = "Input rate, bytes/s" />
      <FIELD    NAME = "output_rate"    TYPE = "qbyte"  TITLE = "Output rate, bytes/s" />
      <METHOD   NAME = "PIPE_CREATE"    TITLE = "Create or modify pipe" />
    </MESSAGE>
    <MESSAGE    NAME = "SMT_CLEAR_PIPES" TYPE = "request" >
      <METHOD   NAME = "CLEAR_PIPES"    TITLE = "Delete all pipes" />
    </MESSAGE>
    <MESSAGE    NAME = "SMT_TRAN_COMMIT" TYPE = "request" >
      <METHOD   NAME = "TRAN_COMMIT"     TITLE = "Commit transfer requests" />
    </MESSAGE>
    <MESSAGE    NAME = "SMT_TRAN_CLOSED" TYPE = "reply" >
      <METHOD   NAME = "TRAN_CLOSED"     TITLE = "Socket closed or commit done" />
    </MESSAGE>
    <MESSAGE    NAME = "SMT_TRAN_ERROR"  TYPE = "reply" >
      <FIELD    NAME = "reason"          TYPE = "string" TITLE = "Error message" />
      <METHOD   NAME = "TRAN_ERROR"      TITLE = "Socket error" />
    </MESSAGE>
  </AGENT>
  <!--
        Messages for the SMTFTPD agent
    -->
  <AGENT        NAME = "smtftpd"        TITLE = "FTP data transfer agent" >
    <MESSAGE    NAME = "SMT_FTPD_PUTF"  TYPE = "request" >
      <FIELD    NAME = "id"             TYPE = "qbyte"  TITLE = "ID for connection" />
      <FIELD    NAME = "passive"        TYPE = "dbyte"  TITLE = "0/1 = active/passive connection" />
      <FIELD    NAME = "filetype"       TYPE = "dbyte"  TITLE = "Type of file to transfer" />
      <FIELD    NAME = "filename"       TYPE = "string" TITLE = "Name of file to transfer" />
      <FIELD    NAME = "start_position" TYPE = "qbyte"  TITLE = "Start offset for file" />
      <FIELD    NAME = "host_address"   TYPE = "qbyte"  TITLE = "IP address for host" />
      <FIELD    NAME = "port_number"    TYPE = "dbyte"  TITLE = "Port on remote host" />
      <FIELD    NAME = "pipe"           TYPE = "string" TITLE = "Transfer pipe, if any" />
      <METHOD   NAME = "FTPD_PUT_FILE"  TITLE = "Send file to host" />
    </MESSAGE>
    <MESSAGE    NAME = "SMT_FTPD_GETF"  TYPE = "request" >
      <FIELD    NAME = "id"             TYPE = "qbyte"  TITLE = "ID for connection" />
      <FIELD    NAME = "passive"        TYPE = "dbyte"  TITLE = "0/1 = passive/active connection" />
      <FIELD    NAME = "filetype"       TYPE = "dbyte"  TITLE = "Type of file to transfer" />
      <FIELD    NAME = "filename"       TYPE = "string" TITLE = "Name of file to transfer" />
      <FIELD    NAME = "start_position" TYPE = "qbyte"  TITLE = "Start offset for file" />
      <FIELD    NAME = "host_address"   TYPE = "qbyte"  TITLE = "IP address for host" />
      <FIELD    NAME = "port_number"    TYPE = "dbyte"  TITLE = "Port on remote host" />
      <FIELD    NAME = "maxsize"        TYPE = "qbyte"  TITLE = "Max. size, -1 = no limit" />
      <FIELD    NAME = "pipe"           TYPE = "string" TITLE = "Transfer pipe, if any" />
      <METHOD   NAME = "FTPD_GET_FILE"  TITLE = "Receive file from host" />
    </MESSAGE>
    <MESSAGE    NAME = "SMT_FTPD_APPEND" TYPE = "request" >
      <FIELD    NAME = "id"             TYPE = "qbyte"  TITLE = "ID for connection" />
      <FIELD    NAME = "passive"        TYPE = "dbyte"  TITLE = "0/1 = passive/active connection" />
      <FIELD    NAME = "filetype"       TYPE = "dbyte"  TITLE = "Type of file to transfer" />
      <FIELD    NAME = "filename"       TYPE = "string" TITLE = "Name of file to transfer" />
      <FIELD    NAME = "host_address"   TYPE = "qbyte"  TITLE = "IP address for host" />
      <FIELD    NAME = "port_number"    TYPE = "dbyte"  TITLE = "Port on remote host" />
      <FIELD    NAME = "maxsize"        TYPE = "qbyte"  TITLE = "Max. size, -1 = no limit" />
      <FIELD    NAME = "pipe"           TYPE = "string" TITLE = "Transfer pipe, if any" />
      <METHOD   NAME = "FTPD_APPEND_FILE"               TITLE = "Append file from host" />
    </MESSAGE>
    <MESSAGE    NAME = "SMT_FTPD_PASSIVE" TYPE = "request" >
      <FIELD    NAME = "id"             TYPE = "qbyte"  TITLE = "ID for control connection" />
      <FIELD    NAME = "first_port"     TYPE = "dbyte"  TITLE = "First port to listen on" />
      <FIELD    NAME = "ip_address"     TYPE = "qbyte"  TITLE = "IP address to listen on" />
      <METHOD   NAME = "FTPD_PASSIVE"   TITLE = "Request passive connection" />
    </MESSAGE>
    <MESSAGE    NAME = "SMT_FTPD_ABORT" TYPE = "request" >
      <FIELD    NAME = "id"             TYPE = "qbyte"  TITLE = "ID for control connection" />
      <METHOD   NAME = "FTPD_ABORT"     TITLE = "Abort file transfer" />
    </MESSAGE>
    <MESSAGE    NAME = "SMT_FTPD_CLOSECTRL" TYPE = "request" >
      <FIELD    NAME = "id"             TYPE = "qbyte"  TITLE = "ID for control connection" />
      <METHOD   NAME = "FTPD_CLOSECTRL" TITLE = "Close control connection" />
    </MESSAGE>
    <MESSAGE    NAME = "SMT_FTPD_PASS_OK" TYPE = "reply" >
      <FIELD    NAME = "host_address"   TYPE = "qbyte"  TITLE = "IP address for host" />
      <FIELD    NAME = "port_number"    TYPE = "dbyte"  TITLE = "Port on remote host" />
      <METHOD   NAME = "FTPD_PASS_OK"   TITLE = "Agent request handled ok" />
    </MESSAGE>
  </AGENT>
  <!--
        Messages for WSX agents
    -->
  <AGENT        NAME = "WSX"    TITLE = "WSX agent" >
    <MESSAGE    NAME = "SMT_WSX_INSTALL" TYPE = "request" >
      <FIELD    NAME = "virtual_host"   TYPE = "string" TITLE = "Virtual host name" />
      <FIELD    NAME = "path"           TYPE = "string" TITLE = "URL pattern to match" />
      <FIELD    NAME = "agent"          TYPE = "string" TITLE = "Name of WSX agent" />
      <METHOD   NAME = "WSX_INSTALL"    TITLE = "Install SMT_WSX alias" />
    </MESSAGE>
    <MESSAGE    NAME = "SMT_WSX_CANCEL" TYPE = "request" >
      <FIELD    NAME = "virtual_host"   TYPE = "string" TITLE = "Virtual host name" />
      <FIELD    NAME = "path"           TYPE = "string" TITLE = "URL pattern to match" />
      <METHOD   NAME = "WSX_CANCEL"     TITLE = "Cancel SMT_WSX alias" />
    </MESSAGE>
    <MESSAGE    NAME = "SMT_WSX_REQUEST" TYPE = "request" SHORT = "WSXREQ" >
      <FIELD    NAME = "request_url"    TYPE = "string" TITLE = "URL for WSX request" />
      <FIELD    NAME = "arguments"      TYPE = "string" TITLE = "URL arguments, if any" />
      <FIELD    NAME = "virtual_host"   TYPE = "string" TITLE = "Virtual host, if any" />
      <FIELD    NAME = "filename"       TYPE = "string" TITLE = "Physical filename for URL" />
      <FIELD    NAME = "post_data"      TYPE = "string" TITLE = "POSTed data, if any" />
      <FIELD    NAME = "symbols_size"   TYPE = "size"   TITLE = "HTTP symbol table size" />
      <FIELD    NAME = "symbols_data"   TYPE = "body"   TITLE = "HTTP symbol table data" />
      <FIELD    NAME = "config_size"    TYPE = "size"   TITLE = "HTTP config table size" />
      <FIELD    NAME = "config_data"    TYPE = "body"   TITLE = "HTTP config table data" />
      <METHOD   NAME = "WSX_REQUEST"    TITLE = "SMT_WSX request" />
    </MESSAGE>
    <MESSAGE    NAME = "SMT_WSX_REQBIN" TYPE = "request" >
      <FIELD    NAME = "request_url"    TYPE = "string" TITLE = "URL for WSX request" />
      <FIELD    NAME = "arguments"      TYPE = "string" TITLE = "URL arguments, if any" />
      <FIELD    NAME = "virtual_host"   TYPE = "string" TITLE = "Virtual host, if any" />
      <FIELD    NAME = "post_size"      TYPE = "size"   TITLE = "POSTed data size" />
      <FIELD    NAME = "filename"       TYPE = "string" TITLE = "Physical filename for URL" />
      <FIELD    NAME = "post_data"      TYPE = "body"   TITLE = "POSTed data" />
      <FIELD    NAME = "symbols_size"   TYPE = "size"   TITLE = "HTTP symbol table size" />
      <FIELD    NAME = "symbols_data"   TYPE = "body"   TITLE = "HTTP symbol table data" />
      <FIELD    NAME = "config_size"    TYPE = "size"   TITLE = "HTTP config table size" />
      <FIELD    NAME = "config_data"    TYPE = "body"   TITLE = "HTTP config table data" />
      <METHOD   NAME = "WSX_REQBIN"     TITLE = "SMT_WSX binary request" />
    </MESSAGE>
    <MESSAGE    NAME = "SMT_WSX_OK"     TYPE = "reply" >
      <FIELD    NAME = "html_data"      TYPE = "string" TITLE = "HTML response data" />
      <METHOD   NAME = "WSX_OK"         TITLE = "Agent request handled ok" />
    </MESSAGE>
    <MESSAGE    NAME = "SMT_WSX_BIN"    TYPE = "reply" >
      <FIELD    NAME = "html_size"      TYPE = "hsize"  TITLE = "HTML response size" />
      <FIELD    NAME = "html_data"      TYPE = "body"   TITLE = "HTML response data" />
      <METHOD   NAME = "WSX_BIN"        TITLE = "Agent request handled ok" />
    </MESSAGE>
    <MESSAGE    NAME = "SMT_WSX_MULTIPART" TYPE = "reply" >
      <FIELD    NAME = "html_data"      TYPE = "string" TITLE = "HTML response data" />
      <METHOD   NAME = "WSX_MULTIPART"  TITLE = "Agent multipart response" />
    </MESSAGE>
    <MESSAGE    NAME = "SMT_WSX_MBIN"   TYPE = "reply" >
      <FIELD    NAME = "html_size"      TYPE = "hsize"  TITLE = "HTML response size" />
      <FIELD    NAME = "html_data"      TYPE = "body"   TITLE = "HTML response data" />
      <METHOD   NAME = "WSX_MBIN"       TITLE = "Agent multipart response" />
    </MESSAGE>
    <MESSAGE    NAME = "SMT_WSX_RESTART" TYPE = "reply" >
      <FIELD    NAME = "html_data"      TYPE = "string" TITLE = "HTML response data" />
      <METHOD   NAME = "WSX_RESTART"    TITLE = "Agent requested restart" />
    </MESSAGE>
    <MESSAGE    NAME = "SMT_WSX_KILL"   TYPE = "reply" >
      <FIELD    NAME = "html_data"      TYPE = "string" TITLE = "HTML response data" />
      <METHOD   NAME = "WSX_KILL"       TITLE = "Agent requested shutdown" />
    </MESSAGE>
    <MESSAGE    NAME = "SMT_WSX_ERROR"  TYPE = "reply" >
      <FIELD    NAME = "error_code"     TYPE = "dbyte"  TITLE = "HTTP response code" />
      <METHOD   NAME = "WSX_ERROR"      TITLE = "Agent request failed" />
    </MESSAGE>
    <MESSAGE    NAME = "SMT_WSX_REDIRECT" TYPE = "reply" >
      <FIELD    NAME = "new_url"        TYPE = "string" TITLE = "Redirect location" />
      <METHOD   NAME = "WSX_REDIRECT"   TITLE = "Agent redirected request" />
    </MESSAGE>
  </AGENT>
  <!--
        Messages for the SMTRDNS agent
    -->
  <AGENT        NAME = "smtrdns"        TITLE = "Reverse DNS agent" >
    <MESSAGE    NAME = "SMT_GET_HOST_NAME" TYPE = "request" >
      <FIELD    NAME = "ip_address"     TYPE = "qbyte"  TITLE = "IP address in network order" />
      <FIELD    NAME = "ip_string"      TYPE = "string" TITLE = "Alternative address in string format" />
      <FIELD    NAME = "request_tag"    TYPE = "qbyte"  TITLE = "User-defined request tag" />
      <METHOD   NAME = "GET_HOST_NAME"  TITLE = "Get host name for address" />
    </MESSAGE>
    <MESSAGE    NAME = "SMT_GET_HOST_IP" TYPE = "request" >
      <FIELD    NAME = "host_name"      TYPE = "string" TITLE = "Host name to look-up" />
      <FIELD    NAME = "request_tag"    TYPE = "qbyte"  TITLE = "User-defined request tag" />
      <METHOD   NAME = "GET_HOST_IP"    TITLE = "Get host address for name" />
    </MESSAGE>
    <MESSAGE    NAME = "SMT_HOST_NAME"  TYPE = "reply" >
      <FIELD    NAME = "ip_address"     TYPE = "qbyte"  TITLE = "IP address in network order" />
      <FIELD    NAME = "host_name"      TYPE = "string" TITLE = "Host name" />
      <FIELD    NAME = "request_tag"    TYPE = "qbyte"  TITLE = "User-defined request tag" />
      <METHOD   NAME = "HOST_NAME"      TITLE = "Return host name" />
    </MESSAGE>
    <MESSAGE    NAME = "SMT_HOST_IP"    TYPE = "reply" >
      <FIELD    NAME = "ip_address"     TYPE = "qbyte"  TITLE = "IP address in network order" />
      <FIELD    NAME = "host_name"      TYPE = "string" TITLE = "Host name" />
      <FIELD    NAME = "request_tag"    TYPE = "qbyte"  TITLE = "User-defined request tag" />
      <METHOD   NAME = "HOST_IP"        TITLE = "Return host IP address" />
    </MESSAGE>
  </AGENT>
</APPLICATION>
