<?xml version="1.0" ?>
<models script =  "ximodel.gsl">
<!-----------------------------------------------------------------------
    ximodel.xml - Xitami source models

    Written: 1999/07/17   Xitami team xitami@imatix.com
    Revised: 2000/02/16   Xitami team xitami@imatix.com

    To build the various source models from this file, run the command:
    'glsgen ximodel'.
    --------------------------------------------------------------------->

<!--  Each model is a Xitami configuration, implemented as a source
      file that is compiled and linked into an executable server.
      -->
<model name   = "Xitami"
       source = "xitami"
       title  = "Xitami Web Server"
       free   = "1" >
       <use agent = "xilrwp"  />
       <use agent = "xiadmin" />
       <use agent = "xisuper" />
       <use agent = "xierror" />
       <use agent = "xiddns"  />
       <use agent = "xiimap"  />
       <use agent = "xixlog"  />
       <use agent = "xixssi"  />
       <use agent = "xixxml"  />
       <use agent = "smtpipe" />
       <use agent = "smthttp" />
       <use agent = "smtftpc" />
</model>

<model name   = "Xitami/Lite"
       source = "xilite"
       title  = "Xitami/Lite Web Server"
       free   = "1" >
       <use agent = "xiimap"  />
       <use agent = "xixlog"  />
       <use agent = "smthttp" />
</model>

<model name   = "Xitami/Pro"
       source = "xipro"
       title  = "Xitami/Pro Secure Web Server"
       free   = "0" >
       <use agent = "smtssl"  />
       <use agent = "xilrwp"  />
       <use agent = "xiadmin" />
       <use agent = "xisuper" />
       <use agent = "xierror" />
       <use agent = "xiddns"  />
       <use agent = "xiimap"  />
       <use agent = "xixlog"  />
       <use agent = "xixssi"  />
       <use agent = "xixxml"  />
       <use agent = "smtpipe" />
       <use agent = "smthttp" />
       <use agent = "smtftpc" />
</model>

<model name   = "Xitami/WTP"
       source = "wtserv"
       title  = "Xitami/WTP Secure Transaction Server"
       free   = "0" >
       <use agent = "smtssl"  />
       <use agent = "xilrwp"  />
       <use agent = "xiadmin" />
       <use agent = "xisuper" />
       <use agent = "xierror" />
       <use agent = "xiddns"  />
       <use agent = "xiimap"  />
       <use agent = "xixlog"  />
       <use agent = "xixssi"  />
       <use agent = "xixxml"  />
       <use agent = "smtpipe" />
       <use agent = "smthttp" />
       <use agent = "smtftpc" />
       <use agent = "wtpman"  />
</model>

<!--  The cores are implemented as header files that are included
      by other programs ( e.g. Xitami/Win) that use the Xitami agents.
      -->
<core  name   = "Xitami"
       source = "xicorstd"
       title  = "Core for standard Xitami" >
       <use agent = "xilrwp"  />
       <use agent = "xiadmin" />
       <use agent = "xisuper" />
       <use agent = "xierror" />
       <use agent = "xiddns"  />
       <use agent = "xiimap"  />
       <use agent = "xixlog"  />
       <use agent = "xixssi"  />
       <use agent = "xixxml"  />
       <use agent = "smtpipe" />
       <use agent = "smthttp" />
       <use agent = "smtftpc" />
</core>

<core  name   = "Xitami/Pro"
       source = "xicorpro"
       title  = "Core for Xitami/Pro with SSL support" >
       <use agent = "smtssl"  />
       <use agent = "xilrwp"  />
       <use agent = "xiadmin" />
       <use agent = "xisuper" />
       <use agent = "xierror" />
       <use agent = "xiddns"  />
       <use agent = "xiimap"  />
       <use agent = "xixlog"  />
       <use agent = "xixssi"  />
       <use agent = "xixxml"  />
       <use agent = "smtpipe" />
       <use agent = "smthttp" />
       <use agent = "smtftpc" />
</core>

<agent name   = "smthttp"
       title  = "HTTP agent, required"
       params = "rootdir, cgidir"
       proto  = "0"
/>
<agent name   = "smtftpc"
       title  = "FTP service agent"
       params = "ftproot"
       proto  = "0"
/>
<agent name   = "smtssl"
       config = "ssl-http:enabled"  
       title  = "Secure Sockets Layer (SSL)"
/>
<agent name   = "smtpipe"
       title  = "Transfer pipe agent"
       params = "CONFIG (&quot;server:pipedef&quot;)"
       proto  = "0"
/>
<agent name   = "xilrwp"
       config = "lrwp:enabled"
       title  = "Long-running web protocol"
/>
<agent name   = "xiadmin"
       config = "security:admin"
       title  = "Web-based administration"
/>
<agent name   = "xisuper"
       config = "server:supervisor" 
       title  = "Supervisor agent"
/>
<agent name   = "xierror" 
       title  = "Error-simulation agent"
/>
<agent name   = "xixssi"  
       title  = "Internal SSI processor"
/>
<agent name   = "xixxml"  
       title  = "Internal XML processor"
/>
<agent name   = "xiddns"  
       title  = "Dynamic DNS registration"
/>
<agent name   = "xiimap"  
       title  = "server-side image maps "
/>
<agent name   = "xixlog"  
       title  = "Extended logging agent"
/>

<agent name   = "wtpman"  
       title  = "Web Transaction Manager"
/>

</root>
